time_hour,R_g,Tf_i,Tf_o,Tf,Tb,X_in_ghe,X_out_ghe,X_c_ghe,X_in_ground,X_out_ground,X_c_ground
1.0,0.011896080254638506,19.491187857226382,16.503616155505544,17.997402006365963,15.297402006365962,454.8575215336757,206.1714785494283,248.68604298424742,260.2811035918795,254.85752153367568,5.423582058203834
1.059560179277616,0.013003964426463017,19.518884961521994,16.531313259801156,18.025099110661575,15.325099110661576,454.352991550737,205.6762493725097,248.6767421782273,260.2811035918795,254.352991550737,5.928112041142526
1.1226677735108135,0.01494847528749653,19.567497733047833,16.579926031326995,18.073711882187414,15.373711882187413,453.46769633590617,204.8072720913595,248.66042424454668,260.2811035918795,253.46769633590617,6.813407255973345
1.1895340673703196,0.01603649725792278,19.59469828230849,16.60712658058765,18.10091243144807,15.40091243144807,452.97247278710745,204.32117541849198,248.65129736861547,260.2811035918795,252.97247278710745,7.308630804772065
1.2603829296797275,0.01796389125256412,19.64288313217452,16.655311430453683,18.149097281314102,15.449097281314103,452.09543023106403,203.46029451104312,248.6351357200209,260.2811035918795,252.09543023106406,8.185673360815457
1.3354515629298989,0.01855537063071371,19.657670116628264,16.670098414907425,18.163884265767845,15.463884265767843,451.82634181324937,203.19616417101457,248.6301776422348,260.2811035918795,251.82634181324937,8.454761778630143
1.414991297434576,0.020685364017809283,19.71091995130565,16.723348249584813,18.217134100445232,15.517134100445233,450.85754817026236,202.24521892461155,248.6123292456508,260.2811035918795,250.8575481702624,9.423555421617124
1.4992684327860457,0.02285502167450877,19.76516139272314,16.7775896910023,18.27137554186272,15.57137554186272,449.8710812640403,201.27692268337933,248.59415858066097,260.2811035918795,249.87108126404033,10.410022327839187
1.5885651294280527,0.025338914860551634,19.82725872237421,16.839687020653372,18.33347287151379,15.63347287151379,448.7421974954607,200.1688287652841,248.57336873017658,260.2811035918795,248.74219749546066,11.538906096418856
1.6831803533309568,0.026807993693066176,19.863985693187075,16.876413991466237,18.370199842326656,15.670199842326655,448.07475663918717,199.51367762210856,248.5610790170786,260.2811035918795,248.0747566391872,12.206346952692314
1.7834308769319096,0.02862883121933243,19.90950663134373,16.921934929622893,18.415720780483312,15.715720780483311,447.2477381691762,198.7018850625136,248.5458531066626,260.2811035918795,247.24773816917622,13.033365422703298
1.88965233969121,0.030375701543468248,19.953178389447125,16.965606687726286,18.459392538586705,15.759392538586706,446.4545603084067,197.92330786610358,248.53125244230313,260.2811035918795,246.45456030840674,13.826543283472773
2.0022003718155847,0.03333399336938911,20.027135685095146,17.039563983374308,18.533349834234727,15.833349834234728,445.11187537087255,196.60533385883684,248.5065415120357,260.2811035918795,245.11187537087253,15.169228221006989
2.1214517849106302,0.03525911716455428,20.075263779974275,17.087692078253436,18.581477929113856,15.881477929113856,444.23848523427495,195.74801435268904,248.4904708815859,260.2811035918795,244.23848523427495,16.042618357604567
2.2478058335487257,0.03865753171755642,20.16022414379933,17.17265244207849,18.66643829293891,15.96643829293891,442.69740229785896,194.23528135905678,248.46212093880217,260.2811035918795,242.69740229785896,17.583701294020557
2.3816855519761586,0.04078521385883732,20.21341619733135,17.225844495610513,18.719630346470932,16.019630346470933,441.73302080129133,193.28863656383675,248.44438423745459,260.2811035918795,241.73302080129133,18.548082790588182
2.5235391704347663,0.04384753241713429,20.289974161288775,17.302402459567936,18.796188310428356,16.096188310428357,440.34563377978935,191.92676043558203,248.41887334420733,260.2811035918795,240.34563377978935,19.93546981209016
2.673841615839947,0.04622104913396073,20.349312079209437,17.361740377488598,18.855526228349017,16.155526228349018,439.27081435567766,190.87169992552896,248.3991144301487,260.2811035918795,239.27081435567766,21.010289236201857
2.8330961018393244,0.04890680277784753,20.416455920306607,17.428884218585768,18.922670069446188,16.22267006944619,438.055133666345,189.67836285917576,248.37677080716924,260.2811035918795,238.055133666345,22.225969925534514
3.0018358135755894,0.05192396631136119,20.49188500864445,17.50431330692361,18.99809915778403,16.29809915778403,436.6901161570045,188.33842762571595,248.35168853128857,260.2811035918795,236.69011615700452,23.59098743487499
3.18062569279412,0.05373003923730476,20.53703683179304,17.5494651300722,19.04325098093262,16.34325098093262,435.87335754447156,187.53667392159952,248.33668362287204,260.2811035918795,235.8733575444716,24.407746047407926
3.370064329271929,0.057166250262716864,20.62294210742834,17.6353704057075,19.12915625656792,16.42915625656792,434.3201064410916,186.01195168335738,248.3081547577342,260.2811035918795,234.32010644109158,25.960997150787932
3.5707859649004634,0.06060375365568212,20.70887969225247,17.72130799053163,19.21509384139205,16.51509384139205,432.76719296374205,184.48755253675094,248.2796404269911,260.2811035918795,232.76719296374205,27.513910628137467
3.78346261713193,0.06311621679785911,20.771691270806897,17.78411956908606,19.277905419946478,16.57790541994648,431.6327548877084,183.37393955111438,248.25881533659404,260.2811035918795,231.63275488770842,28.6483487041711
4.008806328898466,0.06691584320797338,20.86668193105975,17.879110229338913,19.372896080199332,16.672896080199333,429.9180654814936,181.69071857679148,248.22734690470213,260.2811035918795,229.9180654814936,30.3630381103859
4.2475715525368996,0.06934926987552664,20.927517597748587,17.939945896027748,19.433731746888167,16.733731746888168,428.8205028472456,180.61329336876534,248.20720947848028,260.2811035918795,228.82050284724565,31.460600744633865
4.500557675700499,0.07246297713193994,21.005360279158918,18.01778857743808,19.5115744282985,16.8115744282985,427.41678095975936,179.23532006947923,248.18146089028014,260.2811035918795,227.41678095975936,32.86432263212015
4.768611697714471,0.07451862826252698,21.056751557423592,18.069179855702753,19.562965706563173,16.862965706563173,426.490465028536,178.32599190007426,248.16447312846174,260.2811035918795,226.490465028536,33.79063856334352
5.052631065335681,0.0770214226183067,21.119321416318087,18.131749714597248,19.625535565457668,16.92553556545767,425.36310083950514,177.21929850865072,248.1438023308544,260.2811035918795,225.36310083950517,34.91800275237435
5.353566677410726,0.07944129306087024,21.179818177382174,18.192246475661335,19.686032326521754,16.986032326521755,424.2735514290106,176.14972236943163,248.12382905957895,260.2811035918795,224.2735514290106,36.007552162868905
5.672426068491979,0.08164010067061601,21.234788367625818,18.24721666590498,19.7410025167654,17.0410025167654,423.2839297366895,175.17823855056133,248.10569118612818,260.2811035918795,223.28392973668954,36.99717385518997
6.010276782070383,0.08462790481018931,21.30948347111515,18.321911769394312,19.81569762025473,17.115697620254732,421.939803521004,173.85874217892223,248.0810613420818,260.2811035918795,221.93980352100405,38.34130007087546
6.368249944718587,0.08726036400538158,21.37529495099496,18.38772324927412,19.88150910013454,17.18150910013454,420.7561097931743,172.69673335168088,248.0593764414934,260.2811035918795,220.7561097931743,39.524993798705225
6.747544053110695,0.08977941638286371,21.43827126043201,18.45069955871117,19.94448540957159,17.244485409571592,419.6239121489863,171.58527268573928,248.038639463247,260.2811035918795,219.62391214898625,40.657191442893264
7.149428986597578,0.0926100628075437,21.509037421049012,18.521465719328173,20.015251570188592,17.315251570188593,418.3522531738402,170.3368997375109,248.01535343632932,260.2811035918795,218.3522531738402,41.9288504180393
7.575250258771915,0.09550696316284364,21.58145992993151,18.59388822821067,20.08767407907109,17.38767407907109,417.0514712232541,169.05993131885361,247.9915399044005,260.2811035918795,217.05147122325408,43.22963236862543
8.026433522257175,0.09820131856465275,21.64881881497674,18.6612471132559,20.15503296411632,17.45503296411632,415.84221904086485,167.87281178054948,247.96940726031536,260.2811035918795,215.84221904086488,44.43888455101464
8.50448934180268,0.10164289604592085,21.73485825200844,18.7472865502876,20.24107240114802,17.54107240114802,414.2984216188604,166.35726275830854,247.94115886055187,260.2811035918795,214.29842161886037,45.98268197301914
9.011018251665021,0.10405959181946074,21.795275646346937,18.8077039446261,20.301489795486518,17.60148979548652,413.21490413057757,165.2935665506204,247.92133757995717,260.2811035918795,213.21490413057754,47.06619946130198
9.54771611420806,0.10655107694805366,21.85756277456176,18.86999107284092,20.36377692370134,17.66377692370134,412.09832640657896,164.19741064879221,247.90091575778675,260.2811035918795,212.098326406579,48.18277718530052
10.116379797662075,0.10892045602028404,21.91679725136752,18.92922554964668,20.4230114005071,17.7230114005071,411.0369150506808,163.155408146972,247.8815069037088,260.2811035918795,211.0369150506808,49.244188541198724
10.71891319205128,0.11196541234596237,21.99292115950948,19.00534945778864,20.49913530864906,17.79913530864906,409.67349977527584,161.81691842463806,247.85658135063778,260.2811035918795,209.67349977527584,50.60760381660367
11.357333583431057,0.1142853507308905,22.05091961913268,19.063347917411843,20.557133768272262,17.857133768272263,408.6351986373825,160.79759489104515,247.83760374633732,260.2811035918795,208.63519863738244,51.64590495449707
12.033778407775898,0.11661131779219404,22.10906879566527,19.12149709394443,20.61528294480485,17.91528294480485,407.594614736083,159.77602657956666,247.8185881565163,260.2811035918795,207.59461473608297,52.68648885579654
12.750512407130135,0.11894806390882319,22.167487448581,19.17991574686016,20.67370159772058,17.97370159772058,406.54962712203906,158.75013126307852,247.79949585896054,260.2811035918795,206.54962712203906,53.73147646984046
13.509935211980272,0.12130742757050296,22.226471540122994,19.238899838402155,20.732685689262574,18.032685689262575,405.4949504021753,157.7147200378404,247.78023036433487,260.2811035918795,205.49495040217525,54.786153189704265
14.314589375234792,0.12358991128276413,22.283533632929522,19.295961931208684,20.789747782069103,18.089747782069104,404.4750469095169,156.7134431907401,247.7616037187768,260.2811035918795,204.4750469095169,55.80605668236262
15.167168884709232,0.12608581927060214,22.345931332625472,19.358359630904634,20.852145481765053,18.152145481765054,403.3602344164098,155.61898656802532,247.7412478483845,260.2811035918795,203.3602344164098,56.920869175469704
16.070528182616393,0.128464818423161,22.405406311439442,19.417834609718604,20.911620460579023,18.211620460579024,402.2980844351796,154.57622687301267,247.72185756216692,260.2811035918795,202.2980844351796,57.983019156699925
17.027691722259004,0.13086456847364406,22.46540006270152,19.47782836098068,20.9716142118411,18.2716142118411,401.22710904403425,153.5247989346082,247.70231010942604,260.2811035918795,201.22710904403428,59.053994547845235
18.041864093920726,0.13330499032813153,22.526410609063706,19.538838907342868,21.032624758203287,18.332624758203288,400.1384345203305,152.45599084586738,247.68244367446314,260.2811035918795,200.13843452033052,60.142669071548994
19.116440753857027,0.13615833643733774,22.597744261793864,19.610172560073025,21.103958410933444,18.403958410933445,398.8661318863383,151.2069003530892,247.65923153324908,260.2811035918795,198.86613188633828,61.414971705541234
20.255019392306675,0.13841461408792016,22.654151203058422,19.666579501337583,21.160365352198003,18.460365352198004,397.8605018697599,150.21961329137235,247.64088857838755,260.2811035918795,197.8605018697599,62.42060172211961
21.461411978584046,0.14067175275468263,22.710579669727483,19.723007968006645,21.216793818867064,18.516793818867065,396.85487728617335,149.23232806870712,247.62254921746623,260.2811035918795,196.85487728617335,63.426226305706166
22.739657523579286,0.14293087837223994,22.767057810166417,19.779486108445578,21.273271959305998,18.573271959306,395.8487570077705,148.2445526936113,247.60420431415918,260.2811035918795,195.8487570077705,64.43234658410901
24.094035602395255,0.14519187728051733,22.823582782873352,19.836011081152513,21.329796932012933,18.629796932012933,394.8421924263044,147.25633761588634,247.58585481041806,260.2811035918795,194.8421924263044,65.43891116557512
25.52908068239518,0.147454624950127,22.880151474613594,19.892579772892756,21.386365623753175,18.686365623753176,393.83523969101145,146.26773795680214,247.56750173420932,260.2811035918795,193.83523969101145,66.44586390086806
27.049597304631355,0.14971900862822074,22.93676106656594,19.9491893648451,21.44297521570552,18.74297521570552,392.8279496273533,145.27880361170625,247.54914601564704,260.2811035918795,192.8279496273533,67.45315396452622
28.660676169482517,0.15198492130539296,22.993408883495242,20.005837181774403,21.499623032634823,18.799623032634823,391.82037042933865,144.289581892961,247.53078853637766,260.2811035918795,191.82037042933865,68.46073316254086
30.36771118035459,0.15425226132944697,23.050092384096594,20.062520682375755,21.556306533236175,18.856306533236175,390.81254783611,143.30011770376498,247.51243013234503,260.2811035918795,190.81254783611,69.4685557557695
32.17641750250737,0.1565209321586207,23.106809154825935,20.119237453105097,21.613023303965516,18.913023303965517,389.80452524617664,142.31045364951535,247.49407159666129,260.2811035918795,189.80452524617664,70.47657834570288
34.09285069746813,0.15879084204530186,23.163556901992965,20.175985200272127,21.669771051132546,18.969771051132547,388.79634386226974,141.32063018088076,247.47571368138898,260.2811035918795,188.79634386226974,71.48475972960978
36.12342699709432,0.16106190378849797,23.220333445572866,20.232761743852027,21.726547594712446,19.026547594712447,387.7880428053591,140.33068570480222,247.4573571005569,260.2811035918795,187.7880428053591,72.4930607865204
38.27494478516313,0.16333403446007827,23.277136712362374,20.289565010641535,21.783350861501955,19.083350861501955,386.7796592400528,139.3406567082793,247.4390025317735,260.2811035918795,186.7796592400528,73.5014443518267
40.5546073584083,0.16560715510417054,23.333964728464682,20.346393026743844,21.840178877604263,19.140178877604264,385.7712285116364,138.35057789265502,247.4206506189814,260.2811035918795,185.77122851163642,74.50987508024309
42.97004704320842,0.1678811906474819,23.390815617047465,20.403243915326627,21.897029766187046,19.197029766187047,384.7627841892729,137.3604822156692,247.4023019736037,260.2811035918795,184.76278418927294,75.51831940260658
45.5293507486695,0.17015606952826984,23.447687589067165,20.460115887346326,21.953901738206746,19.253901738206746,383.75435823380974,136.37040105677139,247.38395717703835,260.2811035918795,183.7543582338097,76.5267453580698
48.241087041653714,0.17243172356004108,23.504578939861446,20.517007238140607,22.010793089001027,19.310793089001027,382.7459810612297,135.38036427890268,247.36561678232704,260.2811035918795,182.74598106122974,77.53512253064977
51.11433483440168,0.17470809347297944,23.561488187684905,20.573916485964066,22.067702336824485,19.367702336824486,381.73767909151593,134.39039782215474,247.3472812693612,260.2811035918795,181.73767909151596,78.54342450036356
54.158713780794734,0.17698509994499959,23.618413349485408,20.63084164776457,22.12462749862499,19.42462749862499,380.7294875804755,133.40053630212583,247.32895127834968,260.2811035918795,180.72948758047548,79.55161601140404
57.384416483023955,0.17926270096358146,23.675353374949953,20.687781673229114,22.181567524089534,19.481567524089535,379.72142521918033,132.41079807146988,247.31062714771045,260.2811035918795,179.72142521918033,80.55967837269918
60.80224261649424,0.18154083414138508,23.732306704395047,20.744735002674208,22.238520853534627,19.538520853534628,378.7135196822498,131.42121030298705,247.29230937926275,260.2811035918795,178.7135196822498,81.56758390962972
64.42363508721374,0.18381944526230973,23.78927198241816,20.80170028069732,22.29548613155774,19.59548613155774,377.7057949881855,130.43179658062127,247.27399840756425,260.2811035918795,177.70579498818552,82.575308603694
68.26071834272389,0.18609848244442084,23.846247911970938,20.8586762102501,22.35246206111052,19.65246206111052,376.6982740864021,129.44257943863357,247.2556946477685,260.2811035918795,176.69827408640205,83.58282950547746
72.32633896483537,0.1883778959380503,23.903233249311675,20.915661547590837,22.409447398451256,19.709447398451257,375.6909789484773,128.45358045171267,247.23739849676465,260.2811035918795,175.6909789484773,84.59012464340222
76.63410868007459,0.19065763801076746,23.960226801129604,20.972655099408765,22.466440950269185,19.766440950269185,374.6839306208192,127.46482028642116,247.219110334398,260.2811035918795,174.6839306208192,85.5971729710603
81.19844993184013,0.19293766280943145,24.017227421096205,21.029655719375366,22.523441570235786,19.823441570235786,373.6771492873446,126.47631876283131,247.2008305245133,260.2811035918795,173.67714928734458,86.60395430453494
86.03464416684504,0.19521792623873138,24.074234006828704,21.086662305107865,22.580448155968284,19.880448155968285,372.67065432472583,125.48809490859054,247.1825594161353,260.2811035918795,172.67065432472583,87.61044926715368
91.15888299750823,0.1974983858160793,24.1312454962624,21.143673794541563,22.637459645401982,19.937459645401983,371.6644643679466,124.50016702355236,247.16429734439424,260.2811035918795,171.66446436794658,88.61663922393294
96.58832241158703,0.19977900061190634,24.18826086615808,21.20068916443724,22.69447501529766,19.99447501529766,370.658597338057,123.51255270669772,247.1460446313593,260.2811035918795,170.658597338057,89.62250625382251
102.34114021054538,0.20205973108108174,24.24527912788746,21.257707426166622,22.75149327702704,20.051493277027042,369.6530705178445,122.52526893064044,247.1278015872041,260.2811035918795,169.6530705178445,90.62803307403502
108.43659686896109,0.20434053897428409,24.302299325217522,21.314727623496683,22.808513474357103,20.108513474357103,368.64790059211373,121.53833208111504,247.10956851099868,260.2811035918795,168.64790059211376,91.63320299976576
114.89510001873097,0.20662138727388157,24.359320532707457,21.37174883098662,22.865534681847038,20.16553468184704,367.6431036770731,120.5517579857709,247.0913456913022,260.2811035918795,167.64310367707313,92.63799991480639
121.7382727739662,0.208902240065093,24.416341852487744,21.428770150766905,22.922556001627324,20.222556001627325,366.6386953781463,119.56556197095759,247.0731334071887,260.2811035918795,166.63869537814625,93.64240821373326
128.98902612533095,0.2111830624561593,24.4733624122644,21.48579071054356,22.97957656140398,20.27957656140398,365.63469082609527,118.57975889720531,247.05493192888997,260.2811035918795,165.63469082609527,94.64641276578425
136.67163564620074,0.21346382049271553,24.530381363178307,21.54280966145747,23.036595512317888,20.33659551231789,364.63110471559014,117.59436319700903,247.0367415185811,260.2811035918795,164.63110471559017,95.64999887628935
144.81182276745344,0.21574448107598096,24.587397877759944,21.599826176039105,23.093612026899525,20.393612026899525,363.62795134203355,116.60938891106679,247.01856243096677,260.2811035918795,163.62795134203355,96.65315224984596
153.43684089300132,0.21802501188461795,24.64441114797587,21.65683944625503,23.15062529711545,20.45062529711545,362.62524463667046,115.624849722755,247.00039491391544,260.2811035918795,162.6252446366705,97.65585895520903
162.5755666443795,0.22030538129999527,24.7014203833603,21.713848681639462,23.20763453249988,20.507634532499882,361.62299820012936,114.64075899097917,246.98223920915018,260.2811035918795,161.6229982001294,98.65810539175013
172.25859653987874,0.22258555833465615,24.75842480922682,21.77085310750598,23.2646389583664,20.5646389583664,360.621225334483,113.6571297815738,246.96409555290916,260.2811035918795,160.62122533448297,99.65987825739654
182.51834943190443,0.22486551256378964,24.81542366495516,21.82785196323432,23.32163781409474,20.62163781409474,359.6199390739017,112.6739748977494,246.9459641761523,260.2811035918795,159.61993907390172,100.6611645179778
193.38917504552322,0.22714521405951504,24.872416202348294,21.884844500627455,23.378630351487875,20.678630351487875,358.6191522140234,111.69130690851058,246.92784530551285,260.2811035918795,158.61915221402344,101.66195137785607
204.90746898158483,0.22942463332780133,24.929401684055453,21.941829982334614,23.435615833195033,20.735615833195034,357.6188773400755,110.70913817638882,246.9097391636867,260.2811035918795,157.61887734007553,102.66222625180399
217.11179456945052,0.23170374124784368,24.98637938205651,21.99880768033567,23.49259353119609,20.79259353119609,356.6191268538753,109.72748088411247,246.8916459697628,260.2811035918795,156.61912685387526,103.66197673800426
230.0430119772919,0.23398250901372006,25.04334857620342,22.055776874482582,23.549562725343,20.849562725343002,355.6199129997593,108.74634705990027,246.87356593985905,260.2811035918795,155.6199129997593,104.66119059212022
243.74441501222216,0.23626090807828043,25.100308552817427,22.11273685109659,23.606522701957008,20.90652270195701,354.6212478894704,107.7657486019433,246.8554992875271,260.2811035918795,154.6212478894704,105.65985570240912
258.2618760682677,0.2385389100988558,25.157258603331815,22.169686901610977,23.663472752471396,20.963472752471397,353.62314352620365,106.78569730201579,246.83744622418786,260.2811035918795,153.62314352620365,106.65796006567587
273.6439997074672,0.24081648688472454,25.214198022978533,22.226626321257694,23.720412172118113,21.020412172118114,352.62561182781354,105.80620486825359,246.81940695955996,260.2811035918795,152.62561182781354,107.65549176406597
289.9422853882878,0.24309361034721289,25.27112610954074,22.283554407819903,23.777340258680322,21.077340258680323,351.6286646488219,104.82728294677165,246.80138170205024,260.2811035918795,151.62866464882185,108.65243894305766
307.21129988617594,0.2453702524497194,25.328042162103404,22.340470460382566,23.834256311242985,21.134256311242986,350.6323138024135,103.84894314326829,246.7833706591452,260.2811035918795,150.63231380241348,109.64878978946604
325.508859983506,0.2476463851606911,25.384945479877697,22.397373778156858,23.891159629017277,21.191159629017278,349.63657108107543,102.87119704320213,246.7653740378733,260.2811035918795,149.63657108107543,110.64453251080408
344.896226040576,0.24992198040720098,25.441835361040443,22.454263659319604,23.948049510180024,21.248049510180024,348.64144827694156,101.89405623196353,246.74739204497803,260.2811035918795,148.6414482769416,111.63965531493793
365.4383070957258,0.2521970100299855,25.498711101610056,22.511139399889217,24.004925250749636,21.304925250749637,347.6469572014438,100.91753231398572,246.7294248874581,260.2811035918795,147.64695720144383,112.63414639043569
387.20387818125573,0.25447144573953623,25.555571994348824,22.568000292627985,24.061786143488405,21.361786143488406,346.65310970446103,99.94163693157392,246.7114727728871,260.2811035918795,146.653109704461,113.62799388741851
410.26581058271944,0.2567452590732428,25.61241732769149,22.62484562597065,24.11863147683107,21.41863147683107,345.65991769296517,98.96638178326745,246.69353590969772,260.2811035918795,145.65991769296517,114.62118589891435
434.7013158125026,0.2590184213534496,25.66924638469666,22.68167468297582,24.17546053383624,21.47546053383624,344.66739314922154,97.99177864187183,246.6756145073497,260.2811035918795,144.6673931492215,115.613710442658
460.5922041145108,0.26129090364634444,25.726058442019028,22.73848674029819,24.23227259115861,21.53227259115861,343.67554814858966,97.0178393715116,246.65770877707806,260.2811035918795,143.67554814858963,116.60555544328989
488.02515836544336,0.26356267672158695,25.782852768900092,22.795281067179253,24.289066918039673,21.589066918039673,342.68439487696406,96.04457594512718,246.63981893183688,260.2811035918795,142.68439487696406,117.59670871491545
517.092024289676,0.26583371101258907,25.839628626175145,22.852056924454306,24.345842775314726,21.645842775314726,341.69394564787945,95.07200046110688,246.62194518677256,260.2811035918795,141.69394564787942,118.5871579440001
547.8901179593945,0.2681039765771492,25.896385265289148,22.90881356356831,24.402599414428728,21.70259941442873,340.7042129194336,94.10012516018207,246.6040877592515,260.2811035918795,140.7042129194336,119.57689067244593
580.5225516094902,0.2703734430595136,25.95312192734826,22.96555022562742,24.45933607648784,21.75933607648784,339.7152093105469,93.12896244076285,246.58624686978408,260.2811035918795,139.71520931054692,120.56589428133259
615.0985788580505,0.2726420796512155,26.009837842140808,23.02226614041997,24.51605199128039,21.81605199128039,338.72694761771334,92.15852487620316,246.56842274151018,260.2811035918795,138.7269476177133,121.5541559741662
651.7339604882427,0.27490985505366716,26.0665322272021,23.07896052548126,24.57274637634168,21.87274637634168,337.7394408309607,91.18882522989433,246.55061560106634,260.2811035918795,137.7394408309607,122.54166276091883
690.5513520162331,0.27717673744044646,26.12320428687158,23.13563258515074,24.62941843601116,21.92941843601116,336.752702149896,90.21987647106835,246.53282567882763,260.2811035918795,136.75270214989598,123.52840144198353
731.68071434272,0.27944269441983216,26.17985321135622,23.192281509635382,24.6860673604958,21.986067360495802,335.7667449996136,89.25169179078392,246.51505320882967,260.2811035918795,135.76674499961362,124.51435859226589
775.2597488629465,0.2817076929974972,26.23647817579785,23.24890647407701,24.74269232493743,22.04269232493743,334.7815830464982,88.28428461706744,246.49729842943077,260.2811035918795,134.78158304649824,125.49952054538127
821.434358491943,0.2839716995392637,26.293078339342014,23.305506637621175,24.799292488481594,22.099292488481595,333.7972302139667,87.31766863069336,246.47956158327335,260.2811035918795,133.7972302139667,126.4838733779128
870.3591361485165,0.28623467973383454,26.349652844206283,23.362081142485444,24.855866993345863,22.155866993345864,332.81370069818,86.35185778022841,246.4618429179516,260.2811035918795,132.81370069817999,127.46740289369953
922.1978823334332,0.2884965985555943,26.406200814750274,23.418629113029436,24.912414963889855,22.212414963889856,331.83100898369605,85.38686629777254,246.4441426859235,260.2811035918795,131.83100898369605,128.45009460818346
977.1241535346502,0.29075742022705714,26.462721356536846,23.475149654816008,24.968935505676427,22.268935505676428,330.8491698592385,84.42270871429469,246.4264611449438,260.2811035918795,130.84916985923846,129.43193373264106
1035.3218432956626,0.29301710818136983,26.519213555394664,23.531641853673825,25.025427704534245,22.325427704534246,329.8681984334082,83.4593998749499,246.40879855845833,260.2811035918795,129.86819843340825,130.41290515847126
1096.985797892384,0.2952756250244492,26.57567647647165,23.58810477475081,25.08189062561123,22.38189062561123,328.8881101505157,82.49695495503123,246.39115519548443,260.2811035918795,128.8881101505157,131.3929934413638
1162.322468679853,0.29753293249688556,26.632109163282557,23.64453746156172,25.138323312422138,22.43832331242214,327.9089208064821,81.53538947503428,246.37353133144785,260.2811035918795,127.90892080648209,132.37218278539743
1231.550603292826,0.2997889914354864,26.688510636747576,23.700938935026738,25.194724785887157,22.494724785887158,326.93064656486456,80.57471931673018,246.35592724813438,260.2811035918795,126.93064656486453,133.35045702701498
1304.9019780144029,0.3020437617344272,26.7448798942211,23.75730819250026,25.25109404336068,22.55109404336068,325.9533039730154,79.61496073922085,246.33834323379455,260.2811035918795,125.95330397301541,134.3277996188641
1382.6221737646563,0.30429720230595114,26.801215908509196,23.813644206788357,25.307430057648777,22.607430057648777,324.97690997839373,78.65613039445083,246.3207795839429,260.2811035918795,124.97690997839372,135.30419361348578
1464.9713983072863,0.3065492710405889,26.85751762687514,23.8699459251543,25.36373177601472,22.66373177601472,324.0014819450663,77.69824534375456,246.30323660131174,260.2811035918795,124.00148194506633,136.27962164681318
1552.225357427048,0.30879992476678564,26.91378397003006,23.92621226830922,25.41999811916964,22.71999811916964,323.02703767041237,76.74132307446308,246.2857145959493,260.2811035918795,123.02703767041234,137.25406592146717
1644.6761779946644,0.3110491192099651,26.970013831109544,23.982442129388705,25.476227980249124,22.776227980249125,322.0535954020441,75.78538151591381,246.2682138861303,260.2811035918795,122.05359540204408,138.22750818983542
1742.6333860096508,0.3132968089509234,27.026206074633503,24.038634372912664,25.532420223773084,22.832420223773084,321.08117385498775,74.83043905690386,246.2507347980839,260.2811035918795,121.08117385498774,139.19992973689176
1846.4249428955445,0.3155429473835229,27.082359535448493,24.094787833727654,25.588573684588074,22.888573684588074,320.109792229115,73.87651456256047,246.2332776665545,260.2811035918795,120.109792229115,140.17131136276453
1956.3983435170649,0.31778748667163415,27.138473017651272,24.150901315930433,25.644687166790852,22.944687166790853,319.1394702268822,72.92362739187385,246.21584283500837,260.2811035918795,119.13947022688221,141.1416333649973
2072.921779595372,0.3200303777052767,27.194545293492336,24.206973591771497,25.700759442631917,23.000759442631917,318.1702280713537,71.97179741525288,246.1984306561008,260.2811035918795,118.17022807135369,142.11087552052584
2196.385372416547,0.3222715700559075,27.250575102258107,24.26300340053727,25.756789251397688,23.05678925139769,317.20208652458484,71.02104503274461,246.18104149184023,260.2811035918795,117.20208652458486,143.07901706729467
2327.2024789604097,0.3245110119308107,27.306561149130687,24.318989447409848,25.812775298270267,23.112775298270268,316.23506690632723,70.07139119223372,246.16367571409353,260.2811035918795,116.23506690632723,144.04603668555228
2465.811075822604,0.3267486501265344,27.36250210402378,24.37493040230294,25.86871625316336,23.16871625316336,315.26919111312986,69.12285740845347,246.1463337046764,260.2811035918795,115.26919111312984,145.01191247874968
2612.675225563329,0.32898442998133054,27.41839660039368,24.430824898672842,25.92461074953326,23.224610749533262,314.30448163781136,68.17546578188457,246.1290158559268,260.2811035918795,114.30448163781138,145.97662195406815
2768.2866303920664,0.33121829532654334,27.474243234024,24.486671532303163,25.980457383163582,23.280457383163583,313.3409615893621,67.2292390184135,246.11172257094861,260.2811035918795,113.34096158936214,146.94014200251738
2933.166278390045,0.3334501884368986,27.530040561782886,24.542468860062048,26.036254710922467,23.336254710922468,312.3786547132644,66.28420044947472,246.09445426378966,260.2811035918795,112.37865471326435,147.90244887861516
3107.866187782014,0.3356800499796412,27.58578710035145,24.59821539863061,26.09200124949103,23.39200124949103,311.4175854122834,65.34037405203466,246.07721136024875,260.2811035918795,111.41758541228342,148.8635181795961
3292.9712550971512,0.3379078189624722,27.64148132492222,24.653909623201383,26.147695474061802,23.447695474061803,310.45777876772524,64.39778446982857,246.05999429789668,260.2811035918795,110.45777876772522,149.8233248241543
3489.1012134067737,0.34013343268023216,27.697121667866224,24.709549966145385,26.203335817005804,23.503335817005805,309.49926056118557,63.456457034723215,246.04280352646236,260.2811035918795,109.49926056118554,150.78184303069398
3696.9127071950284,0.3423568266602786,27.752706517367383,24.765134815646544,26.258920666506963,23.558920666506964,308.542057296831,62.516417788445885,246.0256395083851,260.2811035918795,108.54205729683098,151.73904629504852
3917.1014908092607,0.3445779346065055,27.808234216023056,24.820662514302217,26.314448365162637,23.614448365162637,307.5861962242208,61.57769350509892,246.0085027191219,260.2811035918795,107.58619622422083,152.6949073676587
4150.404757850477,0.3467966883419502,27.863703059409172,24.876131357688333,26.369917208548753,23.669917208548753,306.6317053616661,60.64031171411586,245.99139364755024,260.2811035918795,106.6317053616661,153.64939823021342
4397.603609302721,0.34901301774993526,27.9191112946088,24.93153959288796,26.42532544374838,23.725325443748382,305.6786135202159,59.70430072379716,245.97431279641873,260.2811035918795,105.6786135202159,154.60249007166362
4659.525668664682,0.35122685071368615,27.97445711870257,24.986885416981732,26.48067126784215,23.780671267842152,304.72695032821,58.76968964546517,245.95726068274485,260.2811035918795,104.72695032821,155.55415326366952
4937.047852839004,0.35343811305437356,28.029738677219758,25.04216697549892,26.53595282635934,23.83595282635934,303.7767462564909,57.836508418230274,245.94023783826066,260.2811035918795,103.77674625649091,156.5043573353886
5231.099308056264,0.35564672846751905,28.084954062548395,25.097382360827556,26.591168211687975,23.891168211687976,302.82803264425877,56.90478783431493,245.92324480994384,260.2811035918795,102.82803264425877,157.45307094762074
5542.664520663107,0.3578526184577071,28.1401013123031,25.15252961058226,26.64631546144268,23.94631546144268,301.88084172560116,55.97455956532825,245.9062821602729,260.2811035918795,101.88084172560119,158.40026186627833
5872.7866131894825,0.3600557022715459,28.195178407649063,25.207606705928224,26.701392556788644,24.001392556788645,300.93520665673816,55.04585618874643,245.88935046799173,260.2811035918795,100.93520665673816,159.34589693514135
6222.570836730231,0.3622558968288122,28.250183271580724,25.262611569859885,26.756397420720305,24.056397420720305,299.9911615439764,54.118711215687924,245.87245032828844,260.2811035918795,99.99116154397636,160.28994204790314
6593.188271333548,0.3644531166517228,28.30511376715349,25.31754206543265,26.81132791629307,24.11132791629307,299.04874147243834,53.19315911885366,245.85558235358468,260.2811035918795,99.04874147243837,161.23236211944115
6985.879746785249,0.36664727379226664,28.359967695667084,25.372395993946245,26.866181844806665,24.166181844806665,298.1079825355502,52.2692353616964,245.8387471738538,260.2811035918795,98.10798253555019,162.1731210563293
7401.959996915644,0.3688382777575333,28.41474279479875,25.427171093077913,26.920956943938332,24.220956943938333,297.1689218653449,51.346976428135804,245.82194543720908,260.2811035918795,97.16892186534487,163.11218172653463
7842.822061337682,0.3710260354329727,28.469436736684738,25.4818650349639,26.97565088582432,24.27565088582432,296.2315976635974,50.42641985324627,245.80517781035115,260.2811035918795,96.23159766359746,164.04950592828206
8309.941949353395,0.37321045100351813,28.52404712594837,25.536475424227532,27.030261275087952,24.330261275087953,295.29604923381953,49.507604254387765,245.78844497943177,260.2811035918795,95.29604923381952,164.98505435805998
8804.883581643464,0.37539142587250257,28.578571497672982,25.590999795952143,27.084785646812563,24.384785646812563,294.3623170141339,48.59056936389819,245.7717476502357,260.2811035918795,94.3623170141339,165.9187865777456
9329.304026284686,0.3775688585782975,28.633007315317855,25.645435613597016,27.139221464457435,24.439221464457436,293.43044261108656,47.675356062038084,245.75508654904849,260.2811035918795,93.43044261108658,166.85066098079295
9884.959046625587,0.37974264470860447,28.68735196857553,25.69978026685469,27.19356611771511,24.493566117715112,292.50046883437665,46.76200641125709,245.73846242311956,260.2811035918795,92.50046883437668,167.78063475750284
10473.708979594508,0.38191267681231955,28.741602771168406,25.754031069447567,27.247816920307987,24.547816920307987,291.5724397325956,45.85056369130853,245.7218760412871,260.2811035918795,91.57243973259565,168.70866385928386
11097.524964120721,0.38407884430889955,28.79575695858291,25.80818525686207,27.30197110772249,24.60197110772249,290.64640062994897,44.941072435235746,245.70532819471322,260.2811035918795,90.646400629949,169.63470296193051
11758.495540521582,0.38624103339514965,28.84981168573916,25.86223998401832,27.35602583487874,24.65602583487874,289.722398164036,44.033578466575804,245.6888196974602,260.2811035918795,89.72239816403604,170.55870542784348
12458.833642950081,0.38839912694935064,28.903764024594185,25.916192322873346,27.409978173733766,24.709978173733766,288.80048032469665,43.128128937502765,245.67235138719388,260.2811035918795,88.80048032469668,171.48062326718284
13200.884008314195,0.39055300443264696,28.957610961676593,25.970039259955755,27.463825110816174,24.763825110816175,287.88069649396266,42.224772368110884,245.65592412585178,260.2811035918795,87.88069649396269,172.40040709791683
13987.131026472387,0.3927025417876072,29.0113493955506,26.02377769382976,27.51756354469018,24.81756354469018,286.9630974871616,41.32355868671995,245.63953880044164,260.2811035918795,86.96309748716158,173.31800610471794
14820.2070579886,0.3948476113338745,29.06497613420728,26.077404432486443,27.571190283346862,24.871190283346863,286.0477355951905,40.424539271513595,245.6231963236769,260.2811035918795,86.04773559519052,174.233367996689
15702.901247293774,0.3969880816608123,29.118487892380724,26.130916190659885,27.624702041520305,24.924702041520305,285.1346646280093,39.527766993271996,245.60689763473732,260.2811035918795,85.13466462800933,175.1464389638702
16638.168860761307,0.3991238175170594,29.171881288786903,26.184309587066064,27.678095437926483,24.978095437926484,284.2239399593781,38.63329625924382,245.59064370013425,260.2811035918795,84.22393995937804,176.05716363250147
17629.14118095948,0.4012546796968967,29.22515284328284,26.237581141562,27.73136699242242,25.03136699242242,283.3156185729045,37.741183058473986,245.57443551443052,260.2811035918795,83.31561857290448,176.96548501897502
18679.135990207847,0.40338052492333076,29.278298973943688,26.29072727222285,27.78451312308327,25.08451312308327,282.40975910940307,36.85148500823762,245.55827410116547,260.2811035918795,82.40975910940307,177.87134448247645
19791.668678535574,0.40550120572779347,29.331315994055256,26.343744292334417,27.837530143194837,25.137530143194837,281.5064219156414,35.96426140207628,245.5421605135651,260.2811035918795,81.5064219156414,178.77468167623812
20970.46401323235,0.40761657032635784,29.384200109019364,26.396628407298525,27.890414258158945,25.190414258158945,280.60566909448676,35.07957325905102,245.52609583543574,260.2811035918795,80.60566909448674,179.67543449739276
22219.468609395237,0.4097264624923627,29.436947413169488,26.44937571144865,27.94316156230907,25.24316156230907,279.7075645565293,34.197483374376844,245.51008118215245,260.2811035918795,79.70756455652928,180.57353903535022
23542.8641432242,0.41183072142534094,29.48955388649394,26.5019821847731,27.99576803563352,25.29576803563352,278.81217407319394,33.31805637150213,245.4941177016918,260.2811035918795,78.81217407319396,181.46892951868557
24945.081352303165,0.4139291816161382,29.542015391263874,26.554443689543035,28.048229540403455,25.348229540403455,277.9195653314069,32.44135875620092,245.47820657520597,260.2811035918795,77.91956533140687,182.36153826047263
26430.814869741083,0.4160216727081094,29.594327668563153,26.606755966842314,28.100541817702734,25.400541817702734,277.02980798986016,31.56745897152073,245.46234901833944,260.2811035918795,77.02980798986015,183.25129560201935
28005.03894183631,0.41810801935427605,29.64648633471732,26.65891463299648,28.1527004838569,25.4527004838569,276.14297373691903,30.69642745482801,245.44654628209102,260.2811035918795,76.14297373691903,184.13812985496048
29673.024081888725,0.4201880410703236,29.69848687761851,26.71091517589767,28.20470102675809,25.50470102675809,275.25913635022863,29.82833669626817,245.43079965396046,260.2811035918795,75.25913635022863,185.02196724165088
31440.354715915,0.4222615520833132,29.75032465294325,26.76275295122241,28.25653880208283,25.55653880208283,274.37837175806374,28.963261299251545,245.4151104588122,260.2811035918795,74.37837175806372,185.90273183381578
33312.94787934677,0.424328361175985,29.801994880260043,26.814423178539204,28.308209029399624,25.608209029399625,273.50075810248603,28.101278042191954,245.39948006029408,260.2811035918795,73.50075810248602,186.78034548939348
35297.0730273065,0.4263882715265155,29.853492639023305,26.865920937302466,28.359706788162885,25.659706788162886,272.62637580435216,27.242465942873114,245.38390986147905,260.2811035918795,72.62637580435216,187.65472778752735
37399.373024788016,0.42844108054360036,29.904812864450427,26.91724116272959,28.411027013590008,25.71102701359001,271.7553076302413,26.386906323489434,245.36840130675188,260.2811035918795,71.75530763024129,188.5257959616382
39626.88638701478,0.4304865796967187,29.955950343278385,26.968378641557546,28.462164492417966,25.762164492417966,270.8876387613444,25.534682879154076,245.35295588219034,260.2811035918795,70.8876387613444,189.3934648305351
41987.07084443914,0.43252455434144116,30.006899709396446,27.019328007675607,28.513113858536027,25.813113858536028,270.0234568643998,24.68588174702686,245.33757511737295,260.2811035918795,70.02345686439982,190.2576467274797
44487.82831127585,0.43455478353962984,30.057655439351162,27.070083737630323,28.563869588490743,25.863869588490743,269.1628521647092,23.840591578039596,245.3222605866696,260.2811035918795,69.1628521647092,191.11825142717032
47137.53134116729,0.4365770398743837,30.10821184772001,27.12064014599917,28.61442599685959,25.914425996859592,268.30591752131966,22.998903611411045,245.30701390990862,260.2811035918795,68.30591752131964,191.97518607055986
49945.0511585514,0.4385910892595695,30.158563082349655,27.170991380628816,28.664777231489236,25.964777231489236,267.45274850442854,22.160911749853785,245.29183675457475,260.2811035918795,67.45274850442851,192.828355087451
52919.78735958447,0.4405966907437833,30.208703119455002,27.221131417734163,28.714917268594583,26.014917268594584,266.6034434750851,21.32671263829662,245.2767308367885,260.2811035918795,66.60344347508507,193.67766011679444
56071.69938205458,0.44259359630857303,30.258625758574745,27.271054056853906,28.764839907714325,26.064839907714326,265.75810366724056,20.496405744720697,245.26169792251986,260.2811035918795,65.75810366724055,194.52299992463895
59411.339849650394,0.4445815506607569,30.30832461737934,27.320752915658503,28.814538766518922,26.114538766518923,264.91683327225826,19.67009344297548,245.24673982928277,260.2811035918795,64.91683327225827,195.36427031962126
62949.88990221888,0.4465602910186604,30.35779312632693,27.37022142460609,28.86400727546651,26.16400727546651,264.07973952590737,18.84788109790915,245.23185842799822,260.2811035918795,64.0797395259074,196.20136406597211
66699.19663030129,0.44852954689209495,30.407024523162793,27.419452821441954,28.913238672302374,26.213238672302374,263.2469327979646,18.029877154022046,245.21705564394253,260.2811035918795,63.24693279796456,197.03417079391494
70671.81273927492,0.4504890398558911,30.456011847257695,27.468440145536857,28.962225996397276,26.262225996397277,262.4185266844735,17.216193225738095,245.20233345873538,260.2811035918795,62.41852668447345,197.86257690740607
74881.03857590031,0.45243848331679976,30.50474793378041,27.517176232059573,29.010962082919992,26.310962082919993,261.59463810275435,16.406944190929675,245.18769391182468,260.2811035918795,61.59463810275434,198.68646548912517
79340.96665797492,0.45437758227356206,30.55322540769947,27.56565370597863,29.05943955683905,26.35943955683905,260.7753873892525,15.602248286865146,245.17313910238735,260.2811035918795,60.77538738925248,199.50571620262704
84066.52885618334,0.4563060330699506,30.601436677609183,27.613864975888344,29.107650826748763,26.407650826748764,259.96089840030305,14.802227209328322,245.15867119097473,260.2811035918795,59.96089840030305,200.32020519157646
89073.5463861044,0.4582235231405721,30.649373929374722,27.661802227653883,29.155588078514302,26.455588078514303,259.1512986159126,14.007006214813188,245.1442924010994,260.2811035918795,59.151298615912616,201.1298049759669
94378.7827777539,0.46012973074922014,30.697029119590923,27.709457417870084,29.203243268730503,26.503243268730504,258.3467192466458,13.216714225126983,245.13000502151883,260.2811035918795,58.346719246645804,201.9343843452337
100000.0,0.46202432471955934,30.744393968849405,27.756822267128566,29.250608117988985,26.550608117988986,257.5472953437084,12.431483935493786,245.11581140821463,260.2811035918795,57.54729534370839,202.73380824817113
